Unnamed: 0,Start Date,Master,Slave,Status
0,2014-10-14,https://datapool.asf.alaska.edu/SLC/SA/S1A_IW_SLC__1SSV_20141014T124742_20141014T124810_002826_0032F8_532A.zip,https://datapool.asf.alaska.edu/SLC/SA/S1A_IW_SLC__1SSV_20141026T124727_20141026T124754_003001_0036B0_168D.zip,0.0
1,2014-10-26,https://datapool.asf.alaska.edu/SLC/SA/S1A_IW_SLC__1SSV_20141026T124727_20141026T124754_003001_0036B0_168D.zip,https://datapool.asf.alaska.edu/SLC/SA/S1A_IW_SLC__1SSV_20141107T124742_20141107T124810_003176_003A7E_DE99.zip,0.0
2,2014-11-07,https://datapool.asf.alaska.edu/SLC/SA/S1A_IW_SLC__1SSV_20141107T124742_20141107T124810_003176_003A7E_DE99.zip,https://datapool.asf.alaska.edu/SLC/SA/S1A_IW_SLC__1SSV_20141201T124741_20141201T124809_003526_00425A_746D.zip,0.0
3,2014-12-01,https://datapool.asf.alaska.edu/SLC/SA/S1A_IW_SLC__1SSV_20141201T124741_20141201T124809_003526_00425A_746D.zip,https://datapool.asf.alaska.edu/SLC/SA/S1A_IW_SLC__1SSV_20141213T124725_20141213T124752_003701_00464E_EB12.zip,0.0
4,2014-12-13,https://datapool.asf.alaska.edu/SLC/SA/S1A_IW_SLC__1SSV_20141213T124725_20141213T124752_003701_00464E_EB12.zip,https://datapool.asf.alaska.edu/SLC/SA/S1A_IW_SLC__1SSV_20141225T124740_20141225T124808_003876_004A50_2AAB.zip,0.0
5,2014-12-25,https://datapool.asf.alaska.edu/SLC/SA/S1A_IW_SLC__1SSV_20141225T124740_20141225T124808_003876_004A50_2AAB.zip,https://datapool.asf.alaska.edu/SLC/SA/S1A_IW_SLC__1SSV_20150106T124725_20150106T124751_004051_004E34_7048.zip,0.0
6,2015-01-06,https://datapool.asf.alaska.edu/SLC/SA/S1A_IW_SLC__1SSV_20150106T124725_20150106T124751_004051_004E34_7048.zip,https://datapool.asf.alaska.edu/SLC/SA/S1A_IW_SLC__1SSV_20150118T124740_20150118T124808_004226_005230_B891.zip,0.0
7,2015-01-18,https://datapool.asf.alaska.edu/SLC/SA/S1A_IW_SLC__1SSV_20150118T124740_20150118T124808_004226_005230_B891.zip,https://datapool.asf.alaska.edu/SLC/SA/S1A_IW_SLC__1SSV_20150130T124724_20150130T124751_004401_005606_3622.zip,0.0
8,2015-01-30,https://datapool.asf.alaska.edu/SLC/SA/S1A_IW_SLC__1SSV_20150130T124724_20150130T124751_004401_005606_3622.zip,https://datapool.asf.alaska.edu/SLC/SA/S1A_IW_SLC__1SSV_20150211T124739_20150211T124807_004576_005A11_8B73.zip,0.0
9,2015-02-11,https://datapool.asf.alaska.edu/SLC/SA/S1A_IW_SLC__1SSV_20150211T124739_20150211T124807_004576_005A11_8B73.zip,https://datapool.asf.alaska.edu/SLC/SA/S1A_IW_SLC__1SSV_20150223T124723_20150223T124750_004751_005E2F_D3AD.zip,0.0
10,2015-02-23,https://datapool.asf.alaska.edu/SLC/SA/S1A_IW_SLC__1SSV_20150223T124723_20150223T124750_004751_005E2F_D3AD.zip,https://datapool.asf.alaska.edu/SLC/SA/S1A_IW_SLC__1SSV_20150307T124739_20150307T124807_004926_00626E_41F1.zip,0.0
11,2015-03-07,https://datapool.asf.alaska.edu/SLC/SA/S1A_IW_SLC__1SSV_20150307T124739_20150307T124807_004926_00626E_41F1.zip,https://datapool.asf.alaska.edu/SLC/SA/S1A_IW_SLC__1SSV_20150319T124724_20150319T124751_005101_0066A5_0E2E.zip,0.0
12,2015-03-19,https://datapool.asf.alaska.edu/SLC/SA/S1A_IW_SLC__1SSV_20150319T124724_20150319T124751_005101_0066A5_0E2E.zip,https://datapool.asf.alaska.edu/SLC/SA/S1A_IW_SLC__1SSV_20150331T124740_20150331T124807_005276_006ABD_787F.zip,0.0
13,2015-03-31,https://datapool.asf.alaska.edu/SLC/SA/S1A_IW_SLC__1SSV_20150331T124740_20150331T124807_005276_006ABD_787F.zip,https://datapool.asf.alaska.edu/SLC/SA/S1A_IW_SLC__1SSV_20150412T124724_20150412T124751_005451_006F30_0E67.zip,0.0
14,2015-04-12,https://datapool.asf.alaska.edu/SLC/SA/S1A_IW_SLC__1SSV_20150412T124724_20150412T124751_005451_006F30_0E67.zip,https://datapool.asf.alaska.edu/SLC/SA/S1A_IW_SLC__1SSV_20150424T124741_20150424T124808_005626_00734F_E67F.zip,0.0
15,2015-04-24,https://datapool.asf.alaska.edu/SLC/SA/S1A_IW_SLC__1SSV_20150424T124741_20150424T124808_005626_00734F_E67F.zip,https://datapool.asf.alaska.edu/SLC/SA/S1A_IW_SLC__1SSV_20150506T124726_20150506T124753_005801_007750_5225.zip,0.0
16,2015-05-06,https://datapool.asf.alaska.edu/SLC/SA/S1A_IW_SLC__1SSV_20150506T124726_20150506T124753_005801_007750_5225.zip,https://datapool.asf.alaska.edu/SLC/SA/S1A_IW_SLC__1SSV_20150518T124742_20150518T124809_005976_007B44_88BE.zip,0.0
17,2015-05-18,https://datapool.asf.alaska.edu/SLC/SA/S1A_IW_SLC__1SSV_20150518T124742_20150518T124809_005976_007B44_88BE.zip,https://datapool.asf.alaska.edu/SLC/SA/S1A_IW_SLC__1SSV_20150530T124736_20150530T124803_006151_007FE2_9679.zip,0.0
18,2015-05-30,https://datapool.asf.alaska.edu/SLC/SA/S1A_IW_SLC__1SSV_20150530T124736_20150530T124803_006151_007FE2_9679.zip,https://datapool.asf.alaska.edu/SLC/SA/S1A_IW_SLC__1SSV_20150611T124744_20150611T124811_006326_008505_CD7A.zip,0.0
19,2015-06-11,https://datapool.asf.alaska.edu/SLC/SA/S1A_IW_SLC__1SSV_20150611T124744_20150611T124811_006326_008505_CD7A.zip,https://datapool.asf.alaska.edu/SLC/SA/S1A_IW_SLC__1SSV_20150623T124737_20150623T124804_006501_008A08_9768.zip,0.0
20,2015-06-23,https://datapool.asf.alaska.edu/SLC/SA/S1A_IW_SLC__1SSV_20150623T124737_20150623T124804_006501_008A08_9768.zip,https://datapool.asf.alaska.edu/SLC/SA/S1A_IW_SLC__1SSV_20150717T124738_20150717T124804_006851_0093C6_A02E.zip,0.0
21,2015-07-17,https://datapool.asf.alaska.edu/SLC/SA/S1A_IW_SLC__1SSV_20150717T124738_20150717T124804_006851_0093C6_A02E.zip,https://datapool.asf.alaska.edu/SLC/SA/S1A_IW_SLC__1SSV_20150903T124732_20150903T124759_007551_00A70F_1530.zip,0.0
22,2015-09-03,https://datapool.asf.alaska.edu/SLC/SA/S1A_IW_SLC__1SSV_20150903T124732_20150903T124759_007551_00A70F_1530.zip,https://datapool.asf.alaska.edu/SLC/SA/S1A_IW_SLC__1SSV_20151126T124746_20151126T124813_008776_00C82B_7371.zip,0.0
23,2015-11-26,https://datapool.asf.alaska.edu/SLC/SA/S1A_IW_SLC__1SSV_20151126T124746_20151126T124813_008776_00C82B_7371.zip,https://datapool.asf.alaska.edu/SLC/SA/S1A_IW_SLC__1SSV_20151220T124745_20151220T124812_009126_00D1F6_A88E.zip,0.0
24,2015-12-20,https://datapool.asf.alaska.edu/SLC/SA/S1A_IW_SLC__1SSV_20151220T124745_20151220T124812_009126_00D1F6_A88E.zip,https://datapool.asf.alaska.edu/SLC/SA/S1A_IW_SLC__1SSV_20160113T124744_20160113T124811_009476_00DBF7_64B9.zip,0.0
25,2016-01-13,https://datapool.asf.alaska.edu/SLC/SA/S1A_IW_SLC__1SSV_20160113T124744_20160113T124811_009476_00DBF7_64B9.zip,https://datapool.asf.alaska.edu/SLC/SA/S1A_IW_SLC__1SSV_20160206T124744_20160206T124811_009826_00E621_6662.zip,0.0
26,2016-02-06,https://datapool.asf.alaska.edu/SLC/SA/S1A_IW_SLC__1SSV_20160206T124744_20160206T124811_009826_00E621_6662.zip,https://datapool.asf.alaska.edu/SLC/SA/S1A_IW_SLC__1SSV_20160301T124744_20160301T124810_010176_00F03E_80D0.zip,0.0
27,2016-03-01,https://datapool.asf.alaska.edu/SLC/SA/S1A_IW_SLC__1SSV_20160301T124744_20160301T124810_010176_00F03E_80D0.zip,https://datapool.asf.alaska.edu/SLC/SA/S1A_IW_SLC__1SSV_20160418T124745_20160418T124812_010876_010499_1A2F.zip,0.0
28,2016-04-18,https://datapool.asf.alaska.edu/SLC/SA/S1A_IW_SLC__1SSV_20160418T124745_20160418T124812_010876_010499_1A2F.zip,https://datapool.asf.alaska.edu/SLC/SA/S1A_IW_SLC__1SSV_20160512T124749_20160512T124816_011226_010F9D_DEB6.zip,0.0
29,2016-05-12,https://datapool.asf.alaska.edu/SLC/SA/S1A_IW_SLC__1SSV_20160512T124749_20160512T124816_011226_010F9D_DEB6.zip,https://datapool.asf.alaska.edu/SLC/SA/S1A_IW_SLC__1SSV_20160605T124750_20160605T124817_011576_011AF2_ACCC.zip,0.0
30,2016-06-05,https://datapool.asf.alaska.edu/SLC/SA/S1A_IW_SLC__1SSV_20160605T124750_20160605T124817_011576_011AF2_ACCC.zip,https://datapool.asf.alaska.edu/SLC/SA/S1A_IW_SLC__1SSV_20160629T124752_20160629T124818_011926_0125F1_71BB.zip,0.0
31,2016-06-29,https://datapool.asf.alaska.edu/SLC/SA/S1A_IW_SLC__1SSV_20160629T124752_20160629T124818_011926_0125F1_71BB.zip,https://datapool.asf.alaska.edu/SLC/SA/S1A_IW_SLC__1SSV_20160723T124753_20160723T124820_012276_01315E_86EC.zip,0.0
32,2016-07-23,https://datapool.asf.alaska.edu/SLC/SA/S1A_IW_SLC__1SSV_20160723T124753_20160723T124820_012276_01315E_86EC.zip,https://datapool.asf.alaska.edu/SLC/SA/S1A_IW_SLC__1SSV_20160816T124754_20160816T124821_012626_013CED_3326.zip,0.0
33,2016-08-16,https://datapool.asf.alaska.edu/SLC/SA/S1A_IW_SLC__1SSV_20160816T124754_20160816T124821_012626_013CED_3326.zip,https://datapool.asf.alaska.edu/SLC/SA/S1A_IW_SLC__1SSV_20160909T124755_20160909T124822_012976_014887_A4FB.zip,0.0
34,2016-09-09,https://datapool.asf.alaska.edu/SLC/SA/S1A_IW_SLC__1SSV_20160909T124755_20160909T124822_012976_014887_A4FB.zip,https://datapool.asf.alaska.edu/SLC/SA/S1A_IW_SLC__1SSV_20161003T124756_20161003T124823_013326_0153F0_1C1E.zip,0.0
35,2016-10-03,https://datapool.asf.alaska.edu/SLC/SA/S1A_IW_SLC__1SSV_20161003T124756_20161003T124823_013326_0153F0_1C1E.zip,https://datapool.asf.alaska.edu/SLC/SA/S1A_IW_SLC__1SSV_20161027T124756_20161027T124823_013676_015EE7_AD91.zip,0.0
36,2016-10-27,https://datapool.asf.alaska.edu/SLC/SA/S1A_IW_SLC__1SSV_20161027T124756_20161027T124823_013676_015EE7_AD91.zip,https://datapool.asf.alaska.edu/SLC/SA/S1A_IW_SLC__1SSV_20161120T124755_20161120T124822_014026_0169C5_EBF6.zip,0.0
37,2016-11-20,https://datapool.asf.alaska.edu/SLC/SA/S1A_IW_SLC__1SSV_20161120T124755_20161120T124822_014026_0169C5_EBF6.zip,https://datapool.asf.alaska.edu/SLC/SA/S1A_IW_SLC__1SSV_20161214T124755_20161214T124822_014376_0174C6_C764.zip,0.0
38,2016-12-14,https://datapool.asf.alaska.edu/SLC/SA/S1A_IW_SLC__1SSV_20161214T124755_20161214T124822_014376_0174C6_C764.zip,https://datapool.asf.alaska.edu/SLC/SA/S1A_IW_SLC__1SSV_20170107T124753_20170107T124820_014726_017F83_8CDB.zip,0.0
39,2017-01-07,https://datapool.asf.alaska.edu/SLC/SA/S1A_IW_SLC__1SSV_20170107T124753_20170107T124820_014726_017F83_8CDB.zip,https://datapool.asf.alaska.edu/SLC/SA/S1A_IW_SLC__1SSV_20170131T124752_20170131T124819_015076_018A48_DDBA.zip,0.0
40,2017-01-31,https://datapool.asf.alaska.edu/SLC/SA/S1A_IW_SLC__1SSV_20170131T124752_20170131T124819_015076_018A48_DDBA.zip,https://datapool.asf.alaska.edu/SLC/SA/S1A_IW_SLC__1SDV_20170212T124752_20170212T124819_015251_018FC6_7095.zip,0.0
41,2017-02-12,https://datapool.asf.alaska.edu/SLC/SA/S1A_IW_SLC__1SDV_20170212T124752_20170212T124819_015251_018FC6_7095.zip,https://datapool.asf.alaska.edu/SLC/SA/S1A_IW_SLC__1SDV_20170224T124752_20170224T124819_015426_019525_F08D.zip,0.0
42,2017-02-24,https://datapool.asf.alaska.edu/SLC/SA/S1A_IW_SLC__1SDV_20170224T124752_20170224T124819_015426_019525_F08D.zip,https://datapool.asf.alaska.edu/SLC/SA/S1A_IW_SLC__1SDV_20170308T124752_20170308T124819_015601_019A72_585A.zip,0.0
43,2017-03-08,https://datapool.asf.alaska.edu/SLC/SA/S1A_IW_SLC__1SDV_20170308T124752_20170308T124819_015601_019A72_585A.zip,https://datapool.asf.alaska.edu/SLC/SA/S1A_IW_SLC__1SDV_20170320T124747_20170320T124813_015776_019FA8_E33C.zip,0.0
44,2017-03-20,https://datapool.asf.alaska.edu/SLC/SA/S1A_IW_SLC__1SDV_20170320T124747_20170320T124813_015776_019FA8_E33C.zip,https://datapool.asf.alaska.edu/SLC/SA/S1A_IW_SLC__1SDV_20170401T124747_20170401T124814_015951_01A4D9_51EC.zip,0.0
45,2017-04-01,https://datapool.asf.alaska.edu/SLC/SA/S1A_IW_SLC__1SDV_20170401T124747_20170401T124814_015951_01A4D9_51EC.zip,https://datapool.asf.alaska.edu/SLC/SA/S1A_IW_SLC__1SDV_20170413T124747_20170413T124814_016126_01AA27_F84E.zip,0.0
46,2017-04-13,https://datapool.asf.alaska.edu/SLC/SA/S1A_IW_SLC__1SDV_20170413T124747_20170413T124814_016126_01AA27_F84E.zip,https://datapool.asf.alaska.edu/SLC/SA/S1A_IW_SLC__1SDV_20170425T124748_20170425T124815_016301_01AF86_DCED.zip,0.0
47,2017-04-25,https://datapool.asf.alaska.edu/SLC/SA/S1A_IW_SLC__1SDV_20170425T124748_20170425T124815_016301_01AF86_DCED.zip,https://datapool.asf.alaska.edu/SLC/SA/S1A_IW_SLC__1SDV_20170507T124749_20170507T124816_016476_01B4D1_3070.zip,0.0
48,2017-05-07,https://datapool.asf.alaska.edu/SLC/SA/S1A_IW_SLC__1SDV_20170507T124749_20170507T124816_016476_01B4D1_3070.zip,https://datapool.asf.alaska.edu/SLC/SA/S1A_IW_SLC__1SDV_20170519T124749_20170519T124816_016651_01BA2D_A13A.zip,0.0
49,2017-05-19,https://datapool.asf.alaska.edu/SLC/SA/S1A_IW_SLC__1SDV_20170519T124749_20170519T124816_016651_01BA2D_A13A.zip,https://datapool.asf.alaska.edu/SLC/SA/S1A_IW_SLC__1SDV_20170531T124750_20170531T124817_016826_01BF96_4BC8.zip,0.0
50,2017-05-31,https://datapool.asf.alaska.edu/SLC/SA/S1A_IW_SLC__1SDV_20170531T124750_20170531T124817_016826_01BF96_4BC8.zip,https://datapool.asf.alaska.edu/SLC/SA/S1A_IW_SLC__1SDV_20170612T124751_20170612T124818_017001_01C501_5AD9.zip,0.0
51,2017-06-12,https://datapool.asf.alaska.edu/SLC/SA/S1A_IW_SLC__1SDV_20170612T124751_20170612T124818_017001_01C501_5AD9.zip,https://datapool.asf.alaska.edu/SLC/SA/S1A_IW_SLC__1SDV_20170624T124751_20170624T124818_017176_01CA58_9CB8.zip,0.0
52,2017-06-24,https://datapool.asf.alaska.edu/SLC/SA/S1A_IW_SLC__1SDV_20170624T124751_20170624T124818_017176_01CA58_9CB8.zip,https://datapool.asf.alaska.edu/SLC/SA/S1A_IW_SLC__1SDV_20170706T124752_20170706T124819_017351_01CF9B_9AC3.zip,0.0
53,2017-07-06,https://datapool.asf.alaska.edu/SLC/SA/S1A_IW_SLC__1SDV_20170706T124752_20170706T124819_017351_01CF9B_9AC3.zip,https://datapool.asf.alaska.edu/SLC/SA/S1A_IW_SLC__1SDV_20170718T124753_20170718T124820_017526_01D4F5_5950.zip,0.0
54,2017-07-18,https://datapool.asf.alaska.edu/SLC/SA/S1A_IW_SLC__1SDV_20170718T124753_20170718T124820_017526_01D4F5_5950.zip,https://datapool.asf.alaska.edu/SLC/SA/S1A_IW_SLC__1SDV_20170730T124753_20170730T124820_017701_01DA4E_5010.zip,0.0
55,2017-07-30,https://datapool.asf.alaska.edu/SLC/SA/S1A_IW_SLC__1SDV_20170730T124753_20170730T124820_017701_01DA4E_5010.zip,https://datapool.asf.alaska.edu/SLC/SA/S1A_IW_SLC__1SDV_20170811T124754_20170811T124821_017876_01DFA2_9340.zip,0.0
56,2017-08-11,https://datapool.asf.alaska.edu/SLC/SA/S1A_IW_SLC__1SDV_20170811T124754_20170811T124821_017876_01DFA2_9340.zip,https://datapool.asf.alaska.edu/SLC/SA/S1A_IW_SLC__1SDV_20170823T124755_20170823T124822_018051_01E4F2_7D91.zip,0.0
57,2017-08-23,https://datapool.asf.alaska.edu/SLC/SA/S1A_IW_SLC__1SDV_20170823T124755_20170823T124822_018051_01E4F2_7D91.zip,https://datapool.asf.alaska.edu/SLC/SA/S1A_IW_SLC__1SDV_20170904T124755_20170904T124822_018226_01EA3C_C274.zip,0.0
58,2017-09-04,https://datapool.asf.alaska.edu/SLC/SA/S1A_IW_SLC__1SDV_20170904T124755_20170904T124822_018226_01EA3C_C274.zip,https://datapool.asf.alaska.edu/SLC/SA/S1A_IW_SLC__1SDV_20170916T124756_20170916T124823_018401_01EFB0_F2EB.zip,0.0
59,2017-09-16,https://datapool.asf.alaska.edu/SLC/SA/S1A_IW_SLC__1SDV_20170916T124756_20170916T124823_018401_01EFB0_F2EB.zip,https://datapool.asf.alaska.edu/SLC/SA/S1A_IW_SLC__1SDV_20170928T124756_20170928T124823_018576_01F506_1BA0.zip,0.0
60,2017-09-28,https://datapool.asf.alaska.edu/SLC/SA/S1A_IW_SLC__1SDV_20170928T124756_20170928T124823_018576_01F506_1BA0.zip,https://datapool.asf.alaska.edu/SLC/SA/S1A_IW_SLC__1SDV_20171010T124756_20171010T124823_018751_01FA5B_DEBB.zip,0.0
61,2017-10-10,https://datapool.asf.alaska.edu/SLC/SA/S1A_IW_SLC__1SDV_20171010T124756_20171010T124823_018751_01FA5B_DEBB.zip,https://datapool.asf.alaska.edu/SLC/SA/S1A_IW_SLC__1SDV_20171022T124756_20171022T124823_018926_01FFBE_F507.zip,0.0
62,2017-10-22,https://datapool.asf.alaska.edu/SLC/SA/S1A_IW_SLC__1SDV_20171022T124756_20171022T124823_018926_01FFBE_F507.zip,https://datapool.asf.alaska.edu/SLC/SA/S1A_IW_SLC__1SDV_20171103T124756_20171103T124823_019101_020510_0E9B.zip,0.0
63,2017-11-03,https://datapool.asf.alaska.edu/SLC/SA/S1A_IW_SLC__1SDV_20171103T124756_20171103T124823_019101_020510_0E9B.zip,https://datapool.asf.alaska.edu/SLC/SA/S1A_IW_SLC__1SDV_20171115T124756_20171115T124823_019276_020A86_8A0E.zip,0.0
64,2017-11-15,https://datapool.asf.alaska.edu/SLC/SA/S1A_IW_SLC__1SDV_20171115T124756_20171115T124823_019276_020A86_8A0E.zip,https://datapool.asf.alaska.edu/SLC/SA/S1A_IW_SLC__1SDV_20171127T124756_20171127T124823_019451_021008_A8E7.zip,0.0
65,2017-11-27,https://datapool.asf.alaska.edu/SLC/SA/S1A_IW_SLC__1SDV_20171127T124756_20171127T124823_019451_021008_A8E7.zip,https://datapool.asf.alaska.edu/SLC/SA/S1A_IW_SLC__1SDV_20171209T124755_20171209T124822_019626_021581_BA3E.zip,0.0
66,2017-12-09,https://datapool.asf.alaska.edu/SLC/SA/S1A_IW_SLC__1SDV_20171209T124755_20171209T124822_019626_021581_BA3E.zip,https://datapool.asf.alaska.edu/SLC/SA/S1A_IW_SLC__1SDV_20171221T124754_20171221T124821_019801_021AEA_6A5B.zip,0.0
67,2017-12-21,https://datapool.asf.alaska.edu/SLC/SA/S1A_IW_SLC__1SDV_20171221T124754_20171221T124821_019801_021AEA_6A5B.zip,https://datapool.asf.alaska.edu/SLC/SA/S1A_IW_SLC__1SDV_20180102T124754_20180102T124821_019976_02206B_0AA1.zip,0.0
68,2018-01-02,https://datapool.asf.alaska.edu/SLC/SA/S1A_IW_SLC__1SDV_20180102T124754_20180102T124821_019976_02206B_0AA1.zip,https://datapool.asf.alaska.edu/SLC/SA/S1A_IW_SLC__1SDV_20180114T124754_20180114T124821_020151_0225F1_D7AC.zip,0.0
69,2018-01-14,https://datapool.asf.alaska.edu/SLC/SA/S1A_IW_SLC__1SDV_20180114T124754_20180114T124821_020151_0225F1_D7AC.zip,https://datapool.asf.alaska.edu/SLC/SA/S1A_IW_SLC__1SDV_20180126T124753_20180126T124820_020326_022B7B_1C83.zip,0.0
70,2018-01-26,https://datapool.asf.alaska.edu/SLC/SA/S1A_IW_SLC__1SDV_20180126T124753_20180126T124820_020326_022B7B_1C83.zip,https://datapool.asf.alaska.edu/SLC/SA/S1A_IW_SLC__1SDV_20180207T124753_20180207T124820_020501_023114_9667.zip,0.0
71,2018-02-07,https://datapool.asf.alaska.edu/SLC/SA/S1A_IW_SLC__1SDV_20180207T124753_20180207T124820_020501_023114_9667.zip,https://datapool.asf.alaska.edu/SLC/SA/S1A_IW_SLC__1SDV_20180219T124753_20180219T124820_020676_0236A8_D38E.zip,0.0
72,2018-02-19,https://datapool.asf.alaska.edu/SLC/SA/S1A_IW_SLC__1SDV_20180219T124753_20180219T124820_020676_0236A8_D38E.zip,https://datapool.asf.alaska.edu/SLC/SA/S1A_IW_SLC__1SDV_20180303T124753_20180303T124820_020851_023C34_A367.zip,0.0
73,2018-03-03,https://datapool.asf.alaska.edu/SLC/SA/S1A_IW_SLC__1SDV_20180303T124753_20180303T124820_020851_023C34_A367.zip,https://datapool.asf.alaska.edu/SLC/SA/S1A_IW_SLC__1SDV_20180315T124753_20180315T124820_021026_0241C0_5665.zip,0.0
74,2018-03-15,https://datapool.asf.alaska.edu/SLC/SA/S1A_IW_SLC__1SDV_20180315T124753_20180315T124820_021026_0241C0_5665.zip,https://datapool.asf.alaska.edu/SLC/SA/S1A_IW_SLC__1SDV_20180327T124753_20180327T124820_021201_024750_311B.zip,0.0
75,2018-03-27,https://datapool.asf.alaska.edu/SLC/SA/S1A_IW_SLC__1SDV_20180327T124753_20180327T124820_021201_024750_311B.zip,https://datapool.asf.alaska.edu/SLC/SA/S1A_IW_SLC__1SDV_20180408T124754_20180408T124821_021376_024CC9_85C8.zip,0.0
76,2018-04-08,https://datapool.asf.alaska.edu/SLC/SA/S1A_IW_SLC__1SDV_20180408T124754_20180408T124821_021376_024CC9_85C8.zip,https://datapool.asf.alaska.edu/SLC/SA/S1A_IW_SLC__1SDV_20180420T124754_20180420T124821_021551_02523E_D393.zip,0.0
77,2018-04-20,https://datapool.asf.alaska.edu/SLC/SA/S1A_IW_SLC__1SDV_20180420T124754_20180420T124821_021551_02523E_D393.zip,https://datapool.asf.alaska.edu/SLC/SA/S1A_IW_SLC__1SDV_20180502T124755_20180502T124821_021726_0257BF_C140.zip,0.0
78,2018-05-02,https://datapool.asf.alaska.edu/SLC/SA/S1A_IW_SLC__1SDV_20180502T124755_20180502T124821_021726_0257BF_C140.zip,https://datapool.asf.alaska.edu/SLC/SA/S1A_IW_SLC__1SDV_20180514T124755_20180514T124822_021901_025D5E_19A1.zip,0.0
79,2018-05-14,https://datapool.asf.alaska.edu/SLC/SA/S1A_IW_SLC__1SDV_20180514T124755_20180514T124822_021901_025D5E_19A1.zip,https://datapool.asf.alaska.edu/SLC/SA/S1A_IW_SLC__1SDV_20180526T124756_20180526T124823_022076_0262E3_D22D.zip,0.0
80,2018-05-26,https://datapool.asf.alaska.edu/SLC/SA/S1A_IW_SLC__1SDV_20180526T124756_20180526T124823_022076_0262E3_D22D.zip,https://datapool.asf.alaska.edu/SLC/SA/S1A_IW_SLC__1SDV_20180607T124757_20180607T124824_022251_026863_9E76.zip,0.0
81,2018-06-07,https://datapool.asf.alaska.edu/SLC/SA/S1A_IW_SLC__1SDV_20180607T124757_20180607T124824_022251_026863_9E76.zip,https://datapool.asf.alaska.edu/SLC/SA/S1A_IW_SLC__1SDV_20180619T124757_20180619T124824_022426_026DC6_B6B4.zip,0.0
82,2018-06-19,https://datapool.asf.alaska.edu/SLC/SA/S1A_IW_SLC__1SDV_20180619T124757_20180619T124824_022426_026DC6_B6B4.zip,https://datapool.asf.alaska.edu/SLC/SA/S1A_IW_SLC__1SDV_20180701T124758_20180701T124825_022601_0272DF_33BB.zip,0.0
83,2018-07-01,https://datapool.asf.alaska.edu/SLC/SA/S1A_IW_SLC__1SDV_20180701T124758_20180701T124825_022601_0272DF_33BB.zip,https://datapool.asf.alaska.edu/SLC/SA/S1A_IW_SLC__1SDV_20180713T124759_20180713T124826_022776_027813_E223.zip,0.0
84,2018-07-13,https://datapool.asf.alaska.edu/SLC/SA/S1A_IW_SLC__1SDV_20180713T124759_20180713T124826_022776_027813_E223.zip,https://datapool.asf.alaska.edu/SLC/SA/S1A_IW_SLC__1SDV_20180725T124800_20180725T124826_022951_027D9A_3A10.zip,0.0
85,2018-07-25,https://datapool.asf.alaska.edu/SLC/SA/S1A_IW_SLC__1SDV_20180725T124800_20180725T124826_022951_027D9A_3A10.zip,https://datapool.asf.alaska.edu/SLC/SA/S1A_IW_SLC__1SDV_20180806T124800_20180806T124827_023126_02830E_379C.zip,0.0
86,2018-08-06,https://datapool.asf.alaska.edu/SLC/SA/S1A_IW_SLC__1SDV_20180806T124800_20180806T124827_023126_02830E_379C.zip,https://datapool.asf.alaska.edu/SLC/SA/S1A_IW_SLC__1SDV_20180818T124801_20180818T124828_023301_0288BA_7F8F.zip,0.0
87,2018-08-18,https://datapool.asf.alaska.edu/SLC/SA/S1A_IW_SLC__1SDV_20180818T124801_20180818T124828_023301_0288BA_7F8F.zip,https://datapool.asf.alaska.edu/SLC/SA/S1A_IW_SLC__1SDV_20180830T124802_20180830T124829_023476_028E47_03EA.zip,0.0
88,2018-08-30,https://datapool.asf.alaska.edu/SLC/SA/S1A_IW_SLC__1SDV_20180830T124802_20180830T124829_023476_028E47_03EA.zip,https://datapool.asf.alaska.edu/SLC/SA/S1A_IW_SLC__1SDV_20180911T124802_20180911T124829_023651_0293E3_D704.zip,0.0
89,2018-09-11,https://datapool.asf.alaska.edu/SLC/SA/S1A_IW_SLC__1SDV_20180911T124802_20180911T124829_023651_0293E3_D704.zip,https://datapool.asf.alaska.edu/SLC/SA/S1A_IW_SLC__1SDV_20180923T124802_20180923T124829_023826_029995_4A36.zip,0.0
90,2018-09-23,https://datapool.asf.alaska.edu/SLC/SA/S1A_IW_SLC__1SDV_20180923T124802_20180923T124829_023826_029995_4A36.zip,https://datapool.asf.alaska.edu/SLC/SA/S1A_IW_SLC__1SDV_20181005T124803_20181005T124829_024001_029F4D_8AAB.zip,0.0
91,2018-10-05,https://datapool.asf.alaska.edu/SLC/SA/S1A_IW_SLC__1SDV_20181005T124803_20181005T124829_024001_029F4D_8AAB.zip,https://datapool.asf.alaska.edu/SLC/SA/S1A_IW_SLC__1SDV_20181017T124803_20181017T124830_024176_02A505_6A7C.zip,0.0
92,2018-10-17,https://datapool.asf.alaska.edu/SLC/SA/S1A_IW_SLC__1SDV_20181017T124803_20181017T124830_024176_02A505_6A7C.zip,https://datapool.asf.alaska.edu/SLC/SA/S1A_IW_SLC__1SDV_20181029T124803_20181029T124830_024351_02AAA4_1ABF.zip,0.0
93,2018-10-29,https://datapool.asf.alaska.edu/SLC/SA/S1A_IW_SLC__1SDV_20181029T124803_20181029T124830_024351_02AAA4_1ABF.zip,https://datapool.asf.alaska.edu/SLC/SA/S1A_IW_SLC__1SDV_20181110T124803_20181110T124830_024526_02B0ED_F3C9.zip,0.0
94,2018-11-10,https://datapool.asf.alaska.edu/SLC/SA/S1A_IW_SLC__1SDV_20181110T124803_20181110T124830_024526_02B0ED_F3C9.zip,https://datapool.asf.alaska.edu/SLC/SA/S1A_IW_SLC__1SDV_20181122T124802_20181122T124829_024701_02B75E_7845.zip,0.0
95,2018-11-22,https://datapool.asf.alaska.edu/SLC/SA/S1A_IW_SLC__1SDV_20181122T124802_20181122T124829_024701_02B75E_7845.zip,https://datapool.asf.alaska.edu/SLC/SA/S1A_IW_SLC__1SDV_20181204T124802_20181204T124829_024876_02BD55_5900.zip,0.0
96,2018-12-04,https://datapool.asf.alaska.edu/SLC/SA/S1A_IW_SLC__1SDV_20181204T124802_20181204T124829_024876_02BD55_5900.zip,https://datapool.asf.alaska.edu/SLC/SA/S1A_IW_SLC__1SDV_20181216T124801_20181216T124828_025051_02C399_BE28.zip,0.0
97,2018-12-16,https://datapool.asf.alaska.edu/SLC/SA/S1A_IW_SLC__1SDV_20181216T124801_20181216T124828_025051_02C399_BE28.zip,https://datapool.asf.alaska.edu/SLC/SA/S1A_IW_SLC__1SDV_20181228T124801_20181228T124828_025226_02C9F3_82E9.zip,0.0
98,2018-12-28,https://datapool.asf.alaska.edu/SLC/SA/S1A_IW_SLC__1SDV_20181228T124801_20181228T124828_025226_02C9F3_82E9.zip,https://datapool.asf.alaska.edu/SLC/SA/S1A_IW_SLC__1SDV_20190109T124800_20190109T124827_025401_02D03E_7B5B.zip,0.0
99,2019-01-09,https://datapool.asf.alaska.edu/SLC/SA/S1A_IW_SLC__1SDV_20190109T124800_20190109T124827_025401_02D03E_7B5B.zip,https://datapool.asf.alaska.edu/SLC/SA/S1A_IW_SLC__1SDV_20190121T124800_20190121T124827_025576_02D69D_E4A1.zip,0.0
100,2019-01-21,https://datapool.asf.alaska.edu/SLC/SA/S1A_IW_SLC__1SDV_20190121T124800_20190121T124827_025576_02D69D_E4A1.zip,https://datapool.asf.alaska.edu/SLC/SA/S1A_IW_SLC__1SDV_20190202T124800_20190202T124827_025751_02DCFE_5D63.zip,0.0
101,2019-02-02,https://datapool.asf.alaska.edu/SLC/SA/S1A_IW_SLC__1SDV_20190202T124800_20190202T124827_025751_02DCFE_5D63.zip,https://datapool.asf.alaska.edu/SLC/SA/S1A_IW_SLC__1SDV_20190214T124759_20190214T124826_025926_02E32E_C23A.zip,0.0
102,2019-02-14,https://datapool.asf.alaska.edu/SLC/SA/S1A_IW_SLC__1SDV_20190214T124759_20190214T124826_025926_02E32E_C23A.zip,https://datapool.asf.alaska.edu/SLC/SA/S1A_IW_SLC__1SDV_20190226T124759_20190226T124826_026101_02E975_4595.zip,0.0
103,2019-02-26,https://datapool.asf.alaska.edu/SLC/SA/S1A_IW_SLC__1SDV_20190226T124759_20190226T124826_026101_02E975_4595.zip,https://datapool.asf.alaska.edu/SLC/SA/S1A_IW_SLC__1SDV_20190310T124759_20190310T124826_026276_02EFC2_0305.zip,0.0
104,2019-03-10,https://datapool.asf.alaska.edu/SLC/SA/S1A_IW_SLC__1SDV_20190310T124759_20190310T124826_026276_02EFC2_0305.zip,https://datapool.asf.alaska.edu/SLC/SA/S1A_IW_SLC__1SDV_20190322T124800_20190322T124826_026451_02F632_8FEB.zip,0.0
105,2019-03-22,https://datapool.asf.alaska.edu/SLC/SA/S1A_IW_SLC__1SDV_20190322T124800_20190322T124826_026451_02F632_8FEB.zip,https://datapool.asf.alaska.edu/SLC/SA/S1A_IW_SLC__1SDV_20190403T124800_20190403T124827_026626_02FCAF_4B19.zip,0.0
106,2019-04-03,https://datapool.asf.alaska.edu/SLC/SA/S1A_IW_SLC__1SDV_20190403T124800_20190403T124827_026626_02FCAF_4B19.zip,https://datapool.asf.alaska.edu/SLC/SA/S1A_IW_SLC__1SDV_20190415T124800_20190415T124827_026801_03030D_DC81.zip,0.0
107,2019-04-15,https://datapool.asf.alaska.edu/SLC/SA/S1A_IW_SLC__1SDV_20190415T124800_20190415T124827_026801_03030D_DC81.zip,https://datapool.asf.alaska.edu/SLC/SA/S1A_IW_SLC__1SDV_20190427T124801_20190427T124828_026976_03095E_6348.zip,0.0
108,2019-04-27,https://datapool.asf.alaska.edu/SLC/SA/S1A_IW_SLC__1SDV_20190427T124801_20190427T124828_026976_03095E_6348.zip,https://datapool.asf.alaska.edu/SLC/SA/S1A_IW_SLC__1SDV_20190509T124801_20190509T124828_027151_030F85_9644.zip,0.0
109,2019-05-09,https://datapool.asf.alaska.edu/SLC/SA/S1A_IW_SLC__1SDV_20190509T124801_20190509T124828_027151_030F85_9644.zip,https://datapool.asf.alaska.edu/SLC/SA/S1A_IW_SLC__1SDV_20190521T124802_20190521T124829_027326_0314FF_D05E.zip,0.0
110,2019-05-21,https://datapool.asf.alaska.edu/SLC/SA/S1A_IW_SLC__1SDV_20190521T124802_20190521T124829_027326_0314FF_D05E.zip,https://datapool.asf.alaska.edu/SLC/SA/S1A_IW_SLC__1SDV_20190602T124802_20190602T124829_027501_031A6E_CE84.zip,0.0
111,2019-06-02,https://datapool.asf.alaska.edu/SLC/SA/S1A_IW_SLC__1SDV_20190602T124802_20190602T124829_027501_031A6E_CE84.zip,https://datapool.asf.alaska.edu/SLC/SA/S1A_IW_SLC__1SDV_20190614T124803_20190614T124830_027676_031FBA_2195.zip,0.0
112,2019-06-14,https://datapool.asf.alaska.edu/SLC/SA/S1A_IW_SLC__1SDV_20190614T124803_20190614T124830_027676_031FBA_2195.zip,https://datapool.asf.alaska.edu/SLC/SA/S1A_IW_SLC__1SDV_20190626T124804_20190626T124831_027851_0324F5_8F2B.zip,0.0
113,2019-06-26,https://datapool.asf.alaska.edu/SLC/SA/S1A_IW_SLC__1SDV_20190626T124804_20190626T124831_027851_0324F5_8F2B.zip,https://datapool.asf.alaska.edu/SLC/SA/S1A_IW_SLC__1SDV_20190708T124804_20190708T124831_028026_032A48_38A8.zip,0.0
114,2019-07-08,https://datapool.asf.alaska.edu/SLC/SA/S1A_IW_SLC__1SDV_20190708T124804_20190708T124831_028026_032A48_38A8.zip,https://datapool.asf.alaska.edu/SLC/SA/S1A_IW_SLC__1SDV_20190720T124805_20190720T124832_028201_032F8E_46B0.zip,0.0
115,2019-07-20,https://datapool.asf.alaska.edu/SLC/SA/S1A_IW_SLC__1SDV_20190720T124805_20190720T124832_028201_032F8E_46B0.zip,https://datapool.asf.alaska.edu/SLC/SA/S1A_IW_SLC__1SDV_20190801T124806_20190801T124833_028376_0334E4_82C5.zip,0.0
116,2019-08-01,https://datapool.asf.alaska.edu/SLC/SA/S1A_IW_SLC__1SDV_20190801T124806_20190801T124833_028376_0334E4_82C5.zip,https://datapool.asf.alaska.edu/SLC/SA/S1A_IW_SLC__1SDV_20190813T124807_20190813T124834_028551_033A97_15DB.zip,0.0
117,2019-08-13,https://datapool.asf.alaska.edu/SLC/SA/S1A_IW_SLC__1SDV_20190813T124807_20190813T124834_028551_033A97_15DB.zip,https://datapool.asf.alaska.edu/SLC/SA/S1A_IW_SLC__1SDV_20190825T124807_20190825T124834_028726_0340A2_D636.zip,0.0
118,2019-08-25,https://datapool.asf.alaska.edu/SLC/SA/S1A_IW_SLC__1SDV_20190825T124807_20190825T124834_028726_0340A2_D636.zip,https://datapool.asf.alaska.edu/SLC/SA/S1A_IW_SLC__1SDV_20190906T124808_20190906T124835_028901_0346BD_0087.zip,0.0
119,2019-09-06,https://datapool.asf.alaska.edu/SLC/SA/S1A_IW_SLC__1SDV_20190906T124808_20190906T124835_028901_0346BD_0087.zip,https://datapool.asf.alaska.edu/SLC/SA/S1A_IW_SLC__1SDV_20190918T124808_20190918T124835_029076_034CCB_421B.zip,0.0
120,2019-09-18,https://datapool.asf.alaska.edu/SLC/SA/S1A_IW_SLC__1SDV_20190918T124808_20190918T124835_029076_034CCB_421B.zip,https://datapool.asf.alaska.edu/SLC/SA/S1A_IW_SLC__1SDV_20190930T124809_20190930T124836_029251_0352D2_7FA1.zip,0.0
121,2019-09-30,https://datapool.asf.alaska.edu/SLC/SA/S1A_IW_SLC__1SDV_20190930T124809_20190930T124836_029251_0352D2_7FA1.zip,https://datapool.asf.alaska.edu/SLC/SA/S1A_IW_SLC__1SDV_20191012T124809_20191012T124836_029426_0358D3_F978.zip,0.0
122,2019-10-12,https://datapool.asf.alaska.edu/SLC/SA/S1A_IW_SLC__1SDV_20191012T124809_20191012T124836_029426_0358D3_F978.zip,https://datapool.asf.alaska.edu/SLC/SA/S1A_IW_SLC__1SDV_20191024T124809_20191024T124836_029601_035ED5_9F15.zip,0.0
123,2019-10-24,https://datapool.asf.alaska.edu/SLC/SA/S1A_IW_SLC__1SDV_20191024T124809_20191024T124836_029601_035ED5_9F15.zip,https://datapool.asf.alaska.edu/SLC/SA/S1A_IW_SLC__1SDV_20191105T124809_20191105T124836_029776_0364F9_5850.zip,0.0
124,2019-11-05,https://datapool.asf.alaska.edu/SLC/SA/S1A_IW_SLC__1SDV_20191105T124809_20191105T124836_029776_0364F9_5850.zip,https://datapool.asf.alaska.edu/SLC/SA/S1A_IW_SLC__1SDV_20191117T124809_20191117T124836_029951_036B1B_B3C3.zip,0.0
125,2019-11-17,https://datapool.asf.alaska.edu/SLC/SA/S1A_IW_SLC__1SDV_20191117T124809_20191117T124836_029951_036B1B_B3C3.zip,https://datapool.asf.alaska.edu/SLC/SA/S1A_IW_SLC__1SDV_20191129T124809_20191129T124835_030126_03712B_AE52.zip,0.0
126,2019-11-29,https://datapool.asf.alaska.edu/SLC/SA/S1A_IW_SLC__1SDV_20191129T124809_20191129T124835_030126_03712B_AE52.zip,https://datapool.asf.alaska.edu/SLC/SA/S1A_IW_SLC__1SDV_20191211T124808_20191211T124835_030301_037731_70F3.zip,0.0
127,2019-12-11,https://datapool.asf.alaska.edu/SLC/SA/S1A_IW_SLC__1SDV_20191211T124808_20191211T124835_030301_037731_70F3.zip,https://datapool.asf.alaska.edu/SLC/SA/S1A_IW_SLC__1SDV_20191223T124808_20191223T124835_030476_037D3E_49FD.zip,0.0
128,2019-12-23,https://datapool.asf.alaska.edu/SLC/SA/S1A_IW_SLC__1SDV_20191223T124808_20191223T124835_030476_037D3E_49FD.zip,https://datapool.asf.alaska.edu/SLC/SA/S1A_IW_SLC__1SDV_20200104T124807_20200104T124834_030651_038347_47BB.zip,0.0
129,2020-01-04,https://datapool.asf.alaska.edu/SLC/SA/S1A_IW_SLC__1SDV_20200104T124807_20200104T124834_030651_038347_47BB.zip,https://datapool.asf.alaska.edu/SLC/SA/S1A_IW_SLC__1SDV_20200116T124807_20200116T124833_030826_038965_889E.zip,0.0
130,2020-01-16,https://datapool.asf.alaska.edu/SLC/SA/S1A_IW_SLC__1SDV_20200116T124807_20200116T124833_030826_038965_889E.zip,https://datapool.asf.alaska.edu/SLC/SA/S1A_IW_SLC__1SDV_20200128T124806_20200128T124833_031001_038F8F_8D56.zip,0.0
131,2020-01-28,https://datapool.asf.alaska.edu/SLC/SA/S1A_IW_SLC__1SDV_20200128T124806_20200128T124833_031001_038F8F_8D56.zip,https://datapool.asf.alaska.edu/SLC/SA/S1A_IW_SLC__1SDV_20200209T124806_20200209T124833_031176_0395A7_6F74.zip,0.0
132,2020-02-09,https://datapool.asf.alaska.edu/SLC/SA/S1A_IW_SLC__1SDV_20200209T124806_20200209T124833_031176_0395A7_6F74.zip,https://datapool.asf.alaska.edu/SLC/SA/S1A_IW_SLC__1SDV_20200221T124806_20200221T124833_031351_039BAC_EA2C.zip,0.0
133,2020-02-21,https://datapool.asf.alaska.edu/SLC/SA/S1A_IW_SLC__1SDV_20200221T124806_20200221T124833_031351_039BAC_EA2C.zip,https://datapool.asf.alaska.edu/SLC/SA/S1A_IW_SLC__1SDV_20200304T124806_20200304T124833_031526_03A1BC_DDAF.zip,0.0
134,2020-03-04,https://datapool.asf.alaska.edu/SLC/SA/S1A_IW_SLC__1SDV_20200304T124806_20200304T124833_031526_03A1BC_DDAF.zip,https://datapool.asf.alaska.edu/SLC/SA/S1A_IW_SLC__1SDV_20200316T124806_20200316T124833_031701_03A7CA_016A.zip,0.0
135,2020-03-16,https://datapool.asf.alaska.edu/SLC/SA/S1A_IW_SLC__1SDV_20200316T124806_20200316T124833_031701_03A7CA_016A.zip,https://datapool.asf.alaska.edu/SLC/SA/S1A_IW_SLC__1SDV_20200328T124806_20200328T124833_031876_03ADF1_30BE.zip,0.0
136,2020-03-28,https://datapool.asf.alaska.edu/SLC/SA/S1A_IW_SLC__1SDV_20200328T124806_20200328T124833_031876_03ADF1_30BE.zip,https://datapool.asf.alaska.edu/SLC/SA/S1A_IW_SLC__1SDV_20200409T124806_20200409T124833_032051_03B422_D310.zip,0.0
137,2020-04-09,https://datapool.asf.alaska.edu/SLC/SA/S1A_IW_SLC__1SDV_20200409T124806_20200409T124833_032051_03B422_D310.zip,https://datapool.asf.alaska.edu/SLC/SA/S1A_IW_SLC__1SDV_20200421T124807_20200421T124834_032226_03BA47_43D3.zip,0.0
138,2020-04-21,https://datapool.asf.alaska.edu/SLC/SA/S1A_IW_SLC__1SDV_20200421T124807_20200421T124834_032226_03BA47_43D3.zip,https://datapool.asf.alaska.edu/SLC/SA/S1A_IW_SLC__1SDV_20200503T124807_20200503T124834_032401_03C070_B3E9.zip,0.0
139,2020-05-03,https://datapool.asf.alaska.edu/SLC/SA/S1A_IW_SLC__1SDV_20200503T124807_20200503T124834_032401_03C070_B3E9.zip,https://datapool.asf.alaska.edu/SLC/SA/S1A_IW_SLC__1SDV_20200515T124808_20200515T124835_032576_03C5EF_CF31.zip,0.0
140,2020-05-15,https://datapool.asf.alaska.edu/SLC/SA/S1A_IW_SLC__1SDV_20200515T124808_20200515T124835_032576_03C5EF_CF31.zip,https://datapool.asf.alaska.edu/SLC/SA/S1A_IW_SLC__1SDV_20200527T124809_20200527T124836_032751_03CB3C_B5C7.zip,0.0
141,2020-05-27,https://datapool.asf.alaska.edu/SLC/SA/S1A_IW_SLC__1SDV_20200527T124809_20200527T124836_032751_03CB3C_B5C7.zip,https://datapool.asf.alaska.edu/SLC/SA/S1A_IW_SLC__1SDV_20200608T124809_20200608T124836_032926_03D063_9073.zip,0.0
142,2020-06-08,https://datapool.asf.alaska.edu/SLC/SA/S1A_IW_SLC__1SDV_20200608T124809_20200608T124836_032926_03D063_9073.zip,https://datapool.asf.alaska.edu/SLC/SA/S1A_IW_SLC__1SDV_20200620T124810_20200620T124837_033101_03D5B1_E24C.zip,0.0
143,2020-06-20,https://datapool.asf.alaska.edu/SLC/SA/S1A_IW_SLC__1SDV_20200620T124810_20200620T124837_033101_03D5B1_E24C.zip,https://datapool.asf.alaska.edu/SLC/SA/S1A_IW_SLC__1SDV_20200702T124811_20200702T124838_033276_03DAFE_BA72.zip,0.0
144,2020-07-02,https://datapool.asf.alaska.edu/SLC/SA/S1A_IW_SLC__1SDV_20200702T124811_20200702T124838_033276_03DAFE_BA72.zip,https://datapool.asf.alaska.edu/SLC/SA/S1A_IW_SLC__1SDV_20200714T124811_20200714T124838_033451_03E055_C8ED.zip,0.0
145,2020-07-14,https://datapool.asf.alaska.edu/SLC/SA/S1A_IW_SLC__1SDV_20200714T124811_20200714T124838_033451_03E055_C8ED.zip,https://datapool.asf.alaska.edu/SLC/SA/S1A_IW_SLC__1SDV_20200726T124812_20200726T124839_033626_03E5B3_840F.zip,0.0
146,2020-07-26,https://datapool.asf.alaska.edu/SLC/SA/S1A_IW_SLC__1SDV_20200726T124812_20200726T124839_033626_03E5B3_840F.zip,https://datapool.asf.alaska.edu/SLC/SA/S1A_IW_SLC__1SDV_20200807T124813_20200807T124840_033801_03EB34_3EB3.zip,0.0
147,2020-08-07,https://datapool.asf.alaska.edu/SLC/SA/S1A_IW_SLC__1SDV_20200807T124813_20200807T124840_033801_03EB34_3EB3.zip,https://datapool.asf.alaska.edu/SLC/SA/S1A_IW_SLC__1SDV_20200819T124814_20200819T124841_033976_03F15B_8FC0.zip,0.0
148,2020-08-19,https://datapool.asf.alaska.edu/SLC/SA/S1A_IW_SLC__1SDV_20200819T124814_20200819T124841_033976_03F15B_8FC0.zip,https://datapool.asf.alaska.edu/SLC/SA/S1A_IW_SLC__1SDV_20200831T124814_20200831T124841_034151_03F784_1D30.zip,0.0
149,2020-08-31,https://datapool.asf.alaska.edu/SLC/SA/S1A_IW_SLC__1SDV_20200831T124814_20200831T124841_034151_03F784_1D30.zip,https://datapool.asf.alaska.edu/SLC/SA/S1A_IW_SLC__1SDV_20200912T124815_20200912T124842_034326_03FDA5_EA16.zip,0.0
150,2020-09-12,https://datapool.asf.alaska.edu/SLC/SA/S1A_IW_SLC__1SDV_20200912T124815_20200912T124842_034326_03FDA5_EA16.zip,https://datapool.asf.alaska.edu/SLC/SA/S1A_IW_SLC__1SDV_20200924T124815_20200924T124842_034501_0403D0_7D0B.zip,0.0
151,2020-09-24,https://datapool.asf.alaska.edu/SLC/SA/S1A_IW_SLC__1SDV_20200924T124815_20200924T124842_034501_0403D0_7D0B.zip,https://datapool.asf.alaska.edu/SLC/SA/S1A_IW_SLC__1SDV_20201006T124815_20201006T124842_034676_0409FC_1CDA.zip,0.0
152,2020-10-06,https://datapool.asf.alaska.edu/SLC/SA/S1A_IW_SLC__1SDV_20201006T124815_20201006T124842_034676_0409FC_1CDA.zip,https://datapool.asf.alaska.edu/SLC/SA/S1A_IW_SLC__1SDV_20201018T124816_20201018T124842_034851_041021_EF3C.zip,0.0
153,2020-10-18,https://datapool.asf.alaska.edu/SLC/SA/S1A_IW_SLC__1SDV_20201018T124816_20201018T124842_034851_041021_EF3C.zip,https://datapool.asf.alaska.edu/SLC/SA/S1A_IW_SLC__1SDV_20201030T124816_20201030T124842_035026_04160B_3582.zip,0.0
154,2020-10-30,https://datapool.asf.alaska.edu/SLC/SA/S1A_IW_SLC__1SDV_20201030T124816_20201030T124842_035026_04160B_3582.zip,https://datapool.asf.alaska.edu/SLC/SA/S1A_IW_SLC__1SDV_20201111T124815_20201111T124842_035201_041C2E_FFDF.zip,0.0
155,2020-11-11,https://datapool.asf.alaska.edu/SLC/SA/S1A_IW_SLC__1SDV_20201111T124815_20201111T124842_035201_041C2E_FFDF.zip,https://datapool.asf.alaska.edu/SLC/SA/S1A_IW_SLC__1SDV_20201123T124815_20201123T124842_035376_042238_79D3.zip,0.0
156,2020-11-23,https://datapool.asf.alaska.edu/SLC/SA/S1A_IW_SLC__1SDV_20201123T124815_20201123T124842_035376_042238_79D3.zip,https://datapool.asf.alaska.edu/SLC/SA/S1A_IW_SLC__1SDV_20201205T124815_20201205T124841_035551_04283F_0D50.zip,0.0
157,2020-12-05,https://datapool.asf.alaska.edu/SLC/SA/S1A_IW_SLC__1SDV_20201205T124815_20201205T124841_035551_04283F_0D50.zip,https://datapool.asf.alaska.edu/SLC/SA/S1A_IW_SLC__1SDV_20201217T124814_20201217T124841_035726_042E48_F6EF.zip,0.0
158,2020-12-17,https://datapool.asf.alaska.edu/SLC/SA/S1A_IW_SLC__1SDV_20201217T124814_20201217T124841_035726_042E48_F6EF.zip,https://datapool.asf.alaska.edu/SLC/SA/S1A_IW_SLC__1SDV_20201229T124813_20201229T124840_035901_043469_7DC7.zip,0.0
159,2020-12-29,https://datapool.asf.alaska.edu/SLC/SA/S1A_IW_SLC__1SDV_20201229T124813_20201229T124840_035901_043469_7DC7.zip,https://datapool.asf.alaska.edu/SLC/SA/S1A_IW_SLC__1SDV_20210110T124813_20210110T124840_036076_043A81_FB6B.zip,0.0
160,2021-01-10,https://datapool.asf.alaska.edu/SLC/SA/S1A_IW_SLC__1SDV_20210110T124813_20210110T124840_036076_043A81_FB6B.zip,https://datapool.asf.alaska.edu/SLC/SA/S1A_IW_SLC__1SDV_20210122T124812_20210122T124839_036251_04409C_91E2.zip,0.0
161,2021-01-22,https://datapool.asf.alaska.edu/SLC/SA/S1A_IW_SLC__1SDV_20210122T124812_20210122T124839_036251_04409C_91E2.zip,https://datapool.asf.alaska.edu/SLC/SA/S1A_IW_SLC__1SDV_20210203T124812_20210203T124839_036426_0446AB_3F83.zip,0.0
162,2021-02-03,https://datapool.asf.alaska.edu/SLC/SA/S1A_IW_SLC__1SDV_20210203T124812_20210203T124839_036426_0446AB_3F83.zip,https://datapool.asf.alaska.edu/SLC/SA/S1A_IW_SLC__1SDV_20210215T124812_20210215T124839_036601_044CC9_EBD6.zip,0.0
163,2021-02-15,https://datapool.asf.alaska.edu/SLC/SA/S1A_IW_SLC__1SDV_20210215T124812_20210215T124839_036601_044CC9_EBD6.zip,https://datapool.asf.alaska.edu/SLC/SB/S1B_IW_SLC__1SDH_20210221T124716_20210221T124737_025705_031075_0BC2.zip,0.0
164,2021-02-21,https://datapool.asf.alaska.edu/SLC/SB/S1B_IW_SLC__1SDH_20210221T124716_20210221T124737_025705_031075_0BC2.zip,https://datapool.asf.alaska.edu/SLC/SA/S1A_IW_SLC__1SDV_20210227T124811_20210227T124838_036776_0452D7_8EE3.zip,0.0
165,2021-02-27,https://datapool.asf.alaska.edu/SLC/SA/S1A_IW_SLC__1SDV_20210227T124811_20210227T124838_036776_0452D7_8EE3.zip,https://datapool.asf.alaska.edu/SLC/SA/S1A_IW_SLC__1SDV_20210311T124812_20210311T124838_036951_0458F0_73FF.zip,0.0
166,2021-03-11,https://datapool.asf.alaska.edu/SLC/SA/S1A_IW_SLC__1SDV_20210311T124812_20210311T124838_036951_0458F0_73FF.zip,https://datapool.asf.alaska.edu/SLC/SA/S1A_IW_SLC__1SDV_20210323T124812_20210323T124839_037126_045F06_92B5.zip,0.0
167,2021-03-23,https://datapool.asf.alaska.edu/SLC/SA/S1A_IW_SLC__1SDV_20210323T124812_20210323T124839_037126_045F06_92B5.zip,https://datapool.asf.alaska.edu/SLC/SA/S1A_IW_SLC__1SDV_20210404T124812_20210404T124839_037301_04650F_F60E.zip,0.0
168,2021-04-04,https://datapool.asf.alaska.edu/SLC/SA/S1A_IW_SLC__1SDV_20210404T124812_20210404T124839_037301_04650F_F60E.zip,https://datapool.asf.alaska.edu/SLC/SA/S1A_IW_SLC__1SDV_20210416T124812_20210416T124839_037476_046B1D_AC4D.zip,0.0
169,2021-04-16,https://datapool.asf.alaska.edu/SLC/SA/S1A_IW_SLC__1SDV_20210416T124812_20210416T124839_037476_046B1D_AC4D.zip,https://datapool.asf.alaska.edu/SLC/SA/S1A_IW_SLC__1SDV_20210428T124813_20210428T124840_037651_04712E_B4B4.zip,0.0
170,2021-04-28,https://datapool.asf.alaska.edu/SLC/SA/S1A_IW_SLC__1SDV_20210428T124813_20210428T124840_037651_04712E_B4B4.zip,https://datapool.asf.alaska.edu/SLC/SA/S1A_IW_SLC__1SDV_20210510T124814_20210510T124841_037826_0476EF_2339.zip,0.0
171,2021-05-10,https://datapool.asf.alaska.edu/SLC/SA/S1A_IW_SLC__1SDV_20210510T124814_20210510T124841_037826_0476EF_2339.zip,https://datapool.asf.alaska.edu/SLC/SA/S1A_IW_SLC__1SDV_20210522T124814_20210522T124841_038001_047C35_CD55.zip,0.0
172,2021-05-22,https://datapool.asf.alaska.edu/SLC/SA/S1A_IW_SLC__1SDV_20210522T124814_20210522T124841_038001_047C35_CD55.zip,https://datapool.asf.alaska.edu/SLC/SA/S1A_IW_SLC__1SDV_20210603T124815_20210603T124842_038176_048171_F2A2.zip,0.0
173,2021-06-03,https://datapool.asf.alaska.edu/SLC/SA/S1A_IW_SLC__1SDV_20210603T124815_20210603T124842_038176_048171_F2A2.zip,https://datapool.asf.alaska.edu/SLC/SA/S1A_IW_SLC__1SDV_20210615T124816_20210615T124843_038351_0486A7_F2E8.zip,0.0
174,2021-06-15,https://datapool.asf.alaska.edu/SLC/SA/S1A_IW_SLC__1SDV_20210615T124816_20210615T124843_038351_0486A7_F2E8.zip,https://datapool.asf.alaska.edu/SLC/SA/S1A_IW_SLC__1SDV_20210627T124816_20210627T124843_038526_048BE4_C964.zip,0.0
175,2021-06-27,https://datapool.asf.alaska.edu/SLC/SA/S1A_IW_SLC__1SDV_20210627T124816_20210627T124843_038526_048BE4_C964.zip,https://datapool.asf.alaska.edu/SLC/SA/S1A_IW_SLC__1SDV_20210709T124817_20210709T124844_038701_049125_C4B9.zip,0.0
176,2021-07-09,https://datapool.asf.alaska.edu/SLC/SA/S1A_IW_SLC__1SDV_20210709T124817_20210709T124844_038701_049125_C4B9.zip,https://datapool.asf.alaska.edu/SLC/SA/S1A_IW_SLC__1SDV_20210721T124818_20210721T124845_038876_049665_86F9.zip,0.0
177,2021-07-21,https://datapool.asf.alaska.edu/SLC/SA/S1A_IW_SLC__1SDV_20210721T124818_20210721T124845_038876_049665_86F9.zip,https://datapool.asf.alaska.edu/SLC/SA/S1A_IW_SLC__1SDV_20210802T124819_20210802T124846_039051_049B95_A676.zip,0.0
178,2021-08-02,https://datapool.asf.alaska.edu/SLC/SA/S1A_IW_SLC__1SDV_20210802T124819_20210802T124846_039051_049B95_A676.zip,https://datapool.asf.alaska.edu/SLC/SA/S1A_IW_SLC__1SDV_20210814T124819_20210814T124846_039226_04A18C_1D3C.zip,0.0
179,2021-08-14,https://datapool.asf.alaska.edu/SLC/SA/S1A_IW_SLC__1SDV_20210814T124819_20210814T124846_039226_04A18C_1D3C.zip,https://datapool.asf.alaska.edu/SLC/SA/S1A_IW_SLC__1SDV_20210826T124820_20210826T124847_039401_04A784_A293.zip,0.0
180,2021-08-26,https://datapool.asf.alaska.edu/SLC/SA/S1A_IW_SLC__1SDV_20210826T124820_20210826T124847_039401_04A784_A293.zip,https://datapool.asf.alaska.edu/SLC/SA/S1A_IW_SLC__1SDV_20210907T124820_20210907T124847_039576_04AD9A_6DF4.zip,0.0
181,2021-09-07,https://datapool.asf.alaska.edu/SLC/SA/S1A_IW_SLC__1SDV_20210907T124820_20210907T124847_039576_04AD9A_6DF4.zip,https://datapool.asf.alaska.edu/SLC/SA/S1A_IW_SLC__1SDV_20210919T124821_20210919T124848_039751_04B386_3505.zip,0.0
182,2021-09-19,https://datapool.asf.alaska.edu/SLC/SA/S1A_IW_SLC__1SDV_20210919T124821_20210919T124848_039751_04B386_3505.zip,https://datapool.asf.alaska.edu/SLC/SA/S1A_IW_SLC__1SDV_20211001T124821_20211001T124848_039926_04B98B_1C2F.zip,0.0
183,2021-10-01,https://datapool.asf.alaska.edu/SLC/SA/S1A_IW_SLC__1SDV_20211001T124821_20211001T124848_039926_04B98B_1C2F.zip,https://datapool.asf.alaska.edu/SLC/SA/S1A_IW_SLC__1SDV_20211013T124821_20211013T124848_040101_04BFA0_B8B8.zip,0.0
184,2021-10-13,https://datapool.asf.alaska.edu/SLC/SA/S1A_IW_SLC__1SDV_20211013T124821_20211013T124848_040101_04BFA0_B8B8.zip,https://datapool.asf.alaska.edu/SLC/SA/S1A_IW_SLC__1SDV_20211025T124821_20211025T124848_040276_04C5B5_78D5.zip,0.0
185,2021-10-25,https://datapool.asf.alaska.edu/SLC/SA/S1A_IW_SLC__1SDV_20211025T124821_20211025T124848_040276_04C5B5_78D5.zip,https://datapool.asf.alaska.edu/SLC/SA/S1A_IW_SLC__1SDV_20211106T124821_20211106T124848_040451_04CBD2_7E50.zip,0.0
186,2021-11-06,https://datapool.asf.alaska.edu/SLC/SA/S1A_IW_SLC__1SDV_20211106T124821_20211106T124848_040451_04CBD2_7E50.zip,https://datapool.asf.alaska.edu/SLC/SA/S1A_IW_SLC__1SDV_20211118T124821_20211118T124848_040626_04D1D6_587B.zip,0.0
187,2021-11-18,https://datapool.asf.alaska.edu/SLC/SA/S1A_IW_SLC__1SDV_20211118T124821_20211118T124848_040626_04D1D6_587B.zip,https://datapool.asf.alaska.edu/SLC/SA/S1A_IW_SLC__1SDV_20211130T124820_20211130T124847_040801_04D7EF_1F49.zip,0.0
188,2021-11-30,https://datapool.asf.alaska.edu/SLC/SA/S1A_IW_SLC__1SDV_20211130T124820_20211130T124847_040801_04D7EF_1F49.zip,https://datapool.asf.alaska.edu/SLC/SA/S1A_IW_SLC__1SDV_20211212T124820_20211212T124847_040976_04DDFF_7465.zip,0.0
189,2021-12-12,https://datapool.asf.alaska.edu/SLC/SA/S1A_IW_SLC__1SDV_20211212T124820_20211212T124847_040976_04DDFF_7465.zip,https://datapool.asf.alaska.edu/SLC/SA/S1A_IW_SLC__1SDV_20211224T124819_20211224T124846_041151_04E3C1_3322.zip,0.0
190,2021-12-24,https://datapool.asf.alaska.edu/SLC/SA/S1A_IW_SLC__1SDV_20211224T124819_20211224T124846_041151_04E3C1_3322.zip,https://datapool.asf.alaska.edu/SLC/SA/S1A_IW_SLC__1SDV_20220105T124819_20220105T124846_041326_04E9BA_B3DA.zip,0.0
191,2022-01-05,https://datapool.asf.alaska.edu/SLC/SA/S1A_IW_SLC__1SDV_20220105T124819_20220105T124846_041326_04E9BA_B3DA.zip,https://datapool.asf.alaska.edu/SLC/SA/S1A_IW_SLC__1SDV_20220117T124818_20220117T124845_041501_04EF6F_2E9A.zip,0.0
192,2022-01-17,https://datapool.asf.alaska.edu/SLC/SA/S1A_IW_SLC__1SDV_20220117T124818_20220117T124845_041501_04EF6F_2E9A.zip,https://datapool.asf.alaska.edu/SLC/SA/S1A_IW_SLC__1SDV_20220129T124818_20220129T124845_041676_04F55D_4226.zip,0.0
193,2022-01-29,https://datapool.asf.alaska.edu/SLC/SA/S1A_IW_SLC__1SDV_20220129T124818_20220129T124845_041676_04F55D_4226.zip,https://datapool.asf.alaska.edu/SLC/SA/S1A_IW_SLC__1SDV_20220306T124817_20220306T124844_042201_050781_7797.zip,0.0
194,2022-03-06,https://datapool.asf.alaska.edu/SLC/SA/S1A_IW_SLC__1SDV_20220306T124817_20220306T124844_042201_050781_7797.zip,https://datapool.asf.alaska.edu/SLC/SA/S1A_IW_SLC__1SDV_20220318T124817_20220318T124844_042376_050D70_5E91.zip,0.0
195,2022-03-18,https://datapool.asf.alaska.edu/SLC/SA/S1A_IW_SLC__1SDV_20220318T124817_20220318T124844_042376_050D70_5E91.zip,https://datapool.asf.alaska.edu/SLC/SA/S1A_IW_SLC__1SDV_20220330T124817_20220330T124844_042551_051366_9682.zip,0.0
196,2022-03-30,https://datapool.asf.alaska.edu/SLC/SA/S1A_IW_SLC__1SDV_20220330T124817_20220330T124844_042551_051366_9682.zip,https://datapool.asf.alaska.edu/SLC/SA/S1A_IW_SLC__1SDV_20220411T124818_20220411T124845_042726_051947_3D3D.zip,0.0
197,2022-04-11,https://datapool.asf.alaska.edu/SLC/SA/S1A_IW_SLC__1SDV_20220411T124818_20220411T124845_042726_051947_3D3D.zip,https://datapool.asf.alaska.edu/SLC/SA/S1A_IW_SLC__1SDV_20220423T124818_20220423T124845_042901_051F15_1F55.zip,0.0
198,2022-04-23,https://datapool.asf.alaska.edu/SLC/SA/S1A_IW_SLC__1SDV_20220423T124818_20220423T124845_042901_051F15_1F55.zip,https://datapool.asf.alaska.edu/SLC/SA/S1A_IW_SLC__1SDV_20220505T124819_20220505T124845_043076_0524DC_60C3.zip,0.0
199,2022-05-05,https://datapool.asf.alaska.edu/SLC/SA/S1A_IW_SLC__1SDV_20220505T124819_20220505T124845_043076_0524DC_60C3.zip,https://datapool.asf.alaska.edu/SLC/SA/S1A_IW_SLC__1SDV_20220517T124819_20220517T124846_043251_052A56_38DF.zip,0.0
200,2022-05-17,https://datapool.asf.alaska.edu/SLC/SA/S1A_IW_SLC__1SDV_20220517T124819_20220517T124846_043251_052A56_38DF.zip,https://datapool.asf.alaska.edu/SLC/SA/S1A_IW_SLC__1SDV_20220529T124821_20220529T124848_043426_052F83_A0D2.zip,0.0
201,2022-05-29,https://datapool.asf.alaska.edu/SLC/SA/S1A_IW_SLC__1SDV_20220529T124821_20220529T124848_043426_052F83_A0D2.zip,https://datapool.asf.alaska.edu/SLC/SA/S1A_IW_SLC__1SDV_20220610T124822_20220610T124849_043601_0534AF_8B64.zip,0.0
202,2022-06-10,https://datapool.asf.alaska.edu/SLC/SA/S1A_IW_SLC__1SDV_20220610T124822_20220610T124849_043601_0534AF_8B64.zip,https://datapool.asf.alaska.edu/SLC/SA/S1A_IW_SLC__1SDV_20220622T124822_20220622T124849_043776_0539F1_7A95.zip,0.0
203,2022-06-22,https://datapool.asf.alaska.edu/SLC/SA/S1A_IW_SLC__1SDV_20220622T124822_20220622T124849_043776_0539F1_7A95.zip,https://datapool.asf.alaska.edu/SLC/SA/S1A_IW_SLC__1SDV_20220704T124823_20220704T124850_043951_053F21_7C96.zip,0.0
204,2022-07-04,https://datapool.asf.alaska.edu/SLC/SA/S1A_IW_SLC__1SDV_20220704T124823_20220704T124850_043951_053F21_7C96.zip,https://datapool.asf.alaska.edu/SLC/SA/S1A_IW_SLC__1SDV_20220716T124824_20220716T124851_044126_05445D_15D8.zip,0.0
205,2022-07-16,https://datapool.asf.alaska.edu/SLC/SA/S1A_IW_SLC__1SDV_20220716T124824_20220716T124851_044126_05445D_15D8.zip,https://datapool.asf.alaska.edu/SLC/SA/S1A_IW_SLC__1SDV_20220728T124824_20220728T124851_044301_05498B_C306.zip,0.0
206,2022-07-28,https://datapool.asf.alaska.edu/SLC/SA/S1A_IW_SLC__1SDV_20220728T124824_20220728T124851_044301_05498B_C306.zip,https://datapool.asf.alaska.edu/SLC/SA/S1A_IW_SLC__1SDV_20220809T124825_20220809T124852_044476_054EB7_B529.zip,0.0
